Product Name	Price	Shipping Cost	Image URL	Number of Watchers	Product condition (Brand new, Opened Box or Pre-owned)
Malachite Round Top Coffee Table Top Semi Precious Mosaic Art Inlay Home Decor	$333.00 to $2,300.40	Free shipping	https://i.ebayimg.com/thumbs/images/g/NPcAAOSwHbZjfKCh/s-l225.jpg	Watcher's information not available	Brand New
Live edge very old giant size, great shape, olive Acacia wood slab, coffee table	$704.96 to $6,471.47	Free shipping	https://i.ebayimg.com/thumbs/images/g/IroAAOSwhw9gzwqd/s-l225.jpg	Watcher's information not available	Brand New
Foldable Indoor Plastic Round Dining Table Portable Outdoor Picnic Desk w/Handle	$105.99 to $199.99	+$206.01 shipping	https://i.ebayimg.com/thumbs/images/g/0usAAOSwePxjWJh5/s-l225.jpg	Watcher's information not available	Brand New
End Table Espresso Storage Living Room Half Round Table Moon Drawer Shelf Design	$55.15	+$203.98 shipping	https://i.ebayimg.com/thumbs/images/g/ZUEAAOSwZrtarDcb/s-l225.jpg	Watcher's information not available	Brand New
Industrial Style Porch Table Single Layer Black Oak Triamine Board [105 * 30 * 7	$55.87	+$3.99 shipping	https://i.ebayimg.com/thumbs/images/g/IiAAAOSwl01kHXRb/s-l225.jpg	49 watchers	Brand New
Industrial Style Porch Table Single Layer Light Walnut Color Triamine Board	$55.63	+$3.99 shipping	https://i.ebayimg.com/thumbs/images/g/NaoAAOSw2EtkHWqG/s-l225.jpg	36 watchers	Brand New
"New ListingShellmond Rustic Distressed Metal Accent Cocktail Table with Lift Top 20"", Gray"	$189.19	Shipping not specified	https://i.ebayimg.com/thumbs/images/g/6BsAAOSwBzFkJxgx/s-l225.jpg	Watcher's information not available	Brand New
46*46*46cm Single Layer Round HDPE Side Table Black	$54.69	+$2.00 shipping	https://i.ebayimg.com/thumbs/images/g/87YAAOSwB2NkFXZH/s-l225.jpg	6 watchers	Brand New
Silicone Chair Leg Caps Covers Furniture Table Feet Pads Floor Protectors	$2.41 to $12.20	Free International Shipping	https://i.ebayimg.com/thumbs/images/g/KlcAAOSwawxhytd~/s-l225.jpg	6+ watchers	Brand New
Foldable Adjustable Height TV Tray Home Portable Sofa Bed Side Table Laptop Desk	$38.99	+$203.74 shipping	https://i.ebayimg.com/thumbs/images/g/9eEAAOSw8whjLUuH/s-l225.jpg	Watcher's information not available	Brand New
Million Dollar Cube Side Table - coffee side table great for home and office	$260.00	+$1,307.69 shipping	https://i.ebayimg.com/thumbs/images/g/hJMAAOSwpfxfmbMW/s-l225.jpg	Watcher's information not available	Brand New
Million Dollar Cube Side Table - With Free Money Stack	$284.00	+$1,058.69 shipping	https://i.ebayimg.com/thumbs/images/g/a5kAAOSwi~dfhpR6/s-l225.jpg	Watcher's information not available	Brand New
Rolling Computer Desk Laptop PC Coner Table Desktop w/ Rolling Wheel Home Office	$38.69	Free International Shipping	https://i.ebayimg.com/thumbs/images/g/buMAAOSwpdpkEDUf/s-l225.jpg	18 watchers	Brand New
Portable Adjustable Folding Laptop Desk Foldable Study Computer Bed Table Stand	$19.99	+$203.46 shipping	https://i.ebayimg.com/thumbs/images/g/QeQAAOSwYoFfikl0/s-l225.jpg	Watcher's information not available	Brand New
Table legs, a set of 4, various lengths	$24.99	+$107.25 shipping	https://i.ebayimg.com/thumbs/images/g/v3gAAOSwLDRiJB3r/s-l225.jpg	Watcher's information not available	Brand New
4X Chair Leg Cap Silicon Rubber Feet Floor Protector Pad Furniture Table Cover	$3.13 to $4.67	Free International Shipping	https://i.ebayimg.com/thumbs/images/g/C90AAOSwHc1iU86L/s-l225.jpg	Watcher's information not available	Brand New
"New ListingAlex 2-Pc Set TV Table, Natural, 19.06 X 14.57 X 25.98"""	$49.27	+$202.80 shipping	https://i.ebayimg.com/thumbs/images/g/8mQAAOSwJFJkJxgp/s-l225.jpg	Watcher's information not available	Brand New
Height Adjustable Notebook Laptop Computer Desk Portable Table Sofa Bed Tray	$38.99 to $39.99	+$203.74 shipping	https://i.ebayimg.com/thumbs/images/g/a34AAOSwSyBfikS8/s-l225.jpg	Watcher's information not available	Brand New
New ListingDane 20 Inch Black Frame Side Table / End Table / Easy Assembly, Red Mahogany Wo	$38.47	+$216.72 shipping	https://i.ebayimg.com/thumbs/images/g/REYAAOSwtgFkJxhA/s-l225.jpg	Watcher's information not available	Brand New
Murphy Folding Table Space Saving Wall Mounted Foldable Dining Kitchen Table	$319.95	+$90.00 shipping	https://i.ebayimg.com/thumbs/images/g/PCwAAOSw6YxjV7DY/s-l225.jpg	Watcher's information not available	Brand New
"New Listing21 3/4"" Round Solid Oak Pedestal Table For Repair"	$75.00	Shipping not specified	https://i.ebayimg.com/thumbs/images/g/COcAAOSwkOhkJuV~/s-l225.jpg	Watcher's information not available	Pre-Owned
CRZDEAL TV Tray Table - 22'' TV Dinner Tray 6 Adjustable Height Settings TV-01	$29.95	+$75.03 shipping	https://i.ebayimg.com/thumbs/images/g/rnQAAOSwfOdivL4B/s-l225.jpg	Watcher's information not available	Brand New
New Listingdining table base	$500.00	Shipping not specified	https://i.ebayimg.com/thumbs/images/g/2LQAAOSwFJNkJvuN/s-l225.jpg	Watcher's information not available	Pre-Owned
46*46*46cm Single Layer Round HDPE Side Table White	$55.32	+$3.99 shipping	https://i.ebayimg.com/thumbs/images/g/l2MAAOSwkOhkHWsJ/s-l225.jpg	Watcher's information not available	Brand New
Round[360-DEGREE SWIVEL]Counter Pub Bar Table Adjustable Height Wooden Tabletop	$59.99	+$204.06 shipping	https://i.ebayimg.com/thumbs/images/g/O-wAAOSwY1xjv24b/s-l225.jpg	Watcher's information not available	Brand New
herman miller noguchi Coffee Table dowel pin assembly part	$89.00	+$19.06 shipping	https://i.ebayimg.com/thumbs/images/g/Bj0AAOSw-Jdj~NlV/s-l225.jpg	Watcher's information not available	Brand New
New ListingAcadian SOLID WOOD 19 Inch Wide Square Transitional Transitional End Side Table 	$103.14	+$197.53 shipping	https://i.ebayimg.com/thumbs/images/g/sZEAAOSwlBJkJxgq/s-l225.jpg	Watcher's information not available	Brand New
3 Tier End Table with Wheels,Side Table Nightstand Storage Shelf for Bedroom,Kit	$54.69	+$3.99 shipping	https://i.ebayimg.com/thumbs/images/g/KzsAAOSwSlpkHWbz/s-l225.jpg	1 watchers	Brand New
Sofa Side Table with Storage Shelf Metal Frame for Home Decor Dining Room	$40.99 to $47.22	+$8.00 shipping	https://i.ebayimg.com/thumbs/images/g/ycoAAOSwZPRje3QK/s-l225.jpg	Watcher's information not available	Brand New
Folding Table 4ft Adjustable Height Portable Lightweight Aluminum Camping Table	$39.99	+$203.76 shipping	https://i.ebayimg.com/thumbs/images/g/YZ0AAOSwCstkEUp4/s-l225.jpg	Watcher's information not available	Brand New
10X Rubber Feet Protector Furniture Chair Table Leg Pads Floor Protector Black	$2.07 to $5.22	Free International Shipping	https://i.ebayimg.com/thumbs/images/g/2CEAAOSwKHNi9f63/s-l225.jpg	Watcher's information not available	Brand New
10pcs Silicone Chair Leg Caps Covers Furniture Table Feet Pads Floor Protectors	$3.03 to $13.28	+$0.62 shipping	https://i.ebayimg.com/thumbs/images/g/XMsAAOSw0iFjosYo/s-l225.jpg	Watcher's information not available	Brand New
"New Listing15"" Triangle Shape Wood Stool with Brass Work | Wooden Sitting Table | Handmade"	$79.00	Free shipping	https://i.ebayimg.com/thumbs/images/g/iscAAOSwMeZkJqLp/s-l225.jpg	Watcher's information not available	Brand New
FCH Retro Color Particleboard Triamine Curved Handle One Drawer Bedside Table	$55.85	+$3.99 shipping	https://i.ebayimg.com/thumbs/images/g/~XQAAOSw-zVkHW3Z/s-l225.jpg	Watcher's information not available	Brand New
Nightstand Modern End Table, Side Table with 1 Drawer and Storage Shelf, White	$55.36	+$2.00 shipping	https://i.ebayimg.com/thumbs/images/g/IusAAOSw6DFkFXV-/s-l225.jpg	Watcher's information not available	Brand New
New ListingOak Wood Octagon Side Living Room End Table Nightstand w/ scratches	$0.33	Shipping cost not available	https://i.ebayimg.com/thumbs/images/g/YLMAAOSwnbhkJwDN/s-l225.jpg	Watcher's information not available	Pre-Owned
36*36*47cm Single Layer Square HDPE Side Table White	$54.63	+$3.99 shipping	https://i.ebayimg.com/thumbs/images/g/oBgAAOSwXkZkHYHa/s-l225.jpg	28 watchers	Brand New
New ListingSkyler Solid Mango Wood and Metal 18 Inch Wide Rectangle Inrial C Side Table in 	$129.81	+$153.06 shipping	https://i.ebayimg.com/thumbs/images/g/DW0AAOSw97hkJxgn/s-l225.jpg	Watcher's information not available	Brand New
Mainstays 5pc XL Oversized Tray Table Set, Rustic Grey	$48.99	Shipping not specified	https://i.ebayimg.com/thumbs/images/g/72MAAOSw0RVkAipc/s-l225.jpg	Watcher's information not available	Brand New
High Gloss Designer White Black Glass Modern Giovani Coffee Living Side Table	$247.61	Shipping not specified	https://i.ebayimg.com/thumbs/images/g/eNsAAOSwEHNfCIqG/s-l225.jpg	Watcher's information not available	Brand New
New ListingSingle Layer Bamboo Side Table 40*37*59.5cm Round White Table Top Natural Wood T	$55.63	+$3.00 shipping	https://i.ebayimg.com/thumbs/images/g/alYAAOSw3PtkJnsu/s-l225.jpg	Watcher's information not available	Brand New
New Listingwood framed inset glass topped nesting tables - (2) - $175.00	$175.00	Shipping cost not available	https://i.ebayimg.com/thumbs/images/g/eTgAAOSwxN5kJkKB/s-l225.jpg	Watcher's information not available	Pre-Owned
Modern LED Light 2 Drawers Nightstand Storage Shelf Bedside End Table Cabinet wi	$55.98	+$3.99 shipping	https://i.ebayimg.com/thumbs/images/g/Z7kAAOSwlxFkHXBD/s-l225.jpg	Watcher's information not available	Brand New
M6 M8 M10 Adjustable Table Chair Feet Leveling Glide Furniture Legs Pad Mat	$1.65 to $53.05	+$0.80 shipping	https://i.ebayimg.com/thumbs/images/g/K90AAOSwGYtjaL9s/s-l225.jpg	Watcher's information not available	Brand New
6 Foot Heavy Duty Centerfold Folding Table Black Portable Outdoor Picnic Party	$15.00	Shipping cost not available	https://i.ebayimg.com/thumbs/images/g/6QAAAOSw-c5jxcfC/s-l225.jpg	Watcher's information not available	Pre-Owned
Chair Leg Floor Protector Furniture Table Feet Cover Silicone Cap Pads Caps	$5.36 to $12.73	+$23.13 shipping	https://i.ebayimg.com/thumbs/images/g/aKoAAOSwFFRitGBP/s-l225.jpg	Watcher's information not available	✅Trusted Seller✅Floor Protection✅Easy Fit✅Fast Dispatch
45*38*63cm Country Style Three Drawer Night Table Large Size Brown	$54.20	+$3.99 shipping	https://i.ebayimg.com/thumbs/images/g/RH4AAOSwBLdkHW22/s-l225.jpg	2 watchers	Brand New
Portable Adjustable Folding Laptop Desk Foldable Study Computer Bed Table Stand	$23.18	+$127.70 shipping	https://i.ebayimg.com/thumbs/images/g/stEAAOSwxhxfigci/s-l225.jpg	Watcher's information not available	Brand New
"New ListingAnderson Teak Chester 32"" Round Folding Picnic Table"	$75.00	Shipping cost not available	https://i.ebayimg.com/thumbs/images/g/qA4AAOSwG6BkJxKh/s-l225.jpg	Watcher's information not available	Pre-Owned
Chess Table 4 in1 Handmade Decorative Wooden Chess Backgammon Poker and Checkers	$999.00	Shipping not specified	https://i.ebayimg.com/thumbs/images/g/IYEAAOSwTHZkF2qQ/s-l225.jpg	Watcher's information not available	Brand New
"32X20X20"" Prayer Bench, Padded kneeler Easy Fold-away Prayer Table Chair"	$107.27	+$185.50 shipping	https://i.ebayimg.com/thumbs/images/g/4FUAAOSwtwph676~/s-l225.jpg	Watcher's information not available	Brand New
Round Adirondack Side End Table Outdoor Small Coffee Table for Patio Garden Blue	$47.49	+$97.36 shipping	https://i.ebayimg.com/thumbs/images/g/jw0AAOSwhWdj7yXJ/s-l225.jpg	Watcher's information not available	Round Side Table Patio Adirondack Small End Table
Round Chair Leg Cap Rubber Feet Protector Pads Furniture Table Covers Bottom	$1.39 to $49.85	+$0.80 shipping	https://i.ebayimg.com/thumbs/images/g/4GAAAOSwc8xjF~ek/s-l225.jpg	Watcher's information not available	Brand New
"Round Side Table 18"" H x 15”D Accent Table Nightstand White and Gold"	$20.99	+$45.53 shipping	https://i.ebayimg.com/thumbs/images/g/Y2gAAOSws7Ni0f0s/s-l225.jpg	Watcher's information not available	Brand New
4Pcs Folding Table Chair Legs Hinge Furniture Self Lock Support Bracket Hardware	$23.24	Free International Shipping	https://i.ebayimg.com/thumbs/images/g/AwMAAOSwPSZjc2Kk/s-l225.jpg	Watcher's information not available	Brand New
12Pc Table Chair Feet Rubber Leg Tips Caps Floor Protectors for Indoor/Outdoor	$5.44 to $10.61	Free International Shipping	https://i.ebayimg.com/thumbs/images/g/SU8AAOSw3ZJhd6yS/s-l225.jpg	Watcher's information not available	Brand New
White Folding TV Tray Portable Adjustable Height Sofa Bed Side Table Dinner Desk	$32.99	+$203.65 shipping	https://i.ebayimg.com/thumbs/images/g/1zMAAOSwFP1jKnLb/s-l225.jpg	Watcher's information not available	Brand New
12Pcs 10-25mm Rubber Furniture Leg Table Chair Foot Tips Cap Cover Pad Protector	$9.72	Free International Shipping	https://i.ebayimg.com/thumbs/images/g/g9kAAOSwYyhfkVms/s-l225.jpg	Watcher's information not available	Brand New
Small round End Side Table Accent Coffee Table Bedroom Living Room Desk Mat	$22.99	+$166.78 shipping	https://i.ebayimg.com/thumbs/images/g/ZlEAAOSwF2tkF7gy/s-l225.jpg	Watcher's information not available	Brand New
Nightstand with 2 Drawers Bedside Table with Fabric Bins Steel Frame Wood Top	$35.99	+$203.70 shipping	https://i.ebayimg.com/thumbs/images/g/TrYAAOSw5v5jv8xx/s-l225.jpg	5 watchers	Brand New
"29"" Unfinished Farmhouse Table legs or matching 18'' Bench legs, Set of 4"	$69.00 to $130.00	+$205.11 shipping	https://i.ebayimg.com/thumbs/images/g/6lgAAOSwhiZab-ar/s-l225.jpg	Watcher's information not available	Brand New
Wooden Coffee Table With Storage Lift Top Up Drawer Shelf Living Room Furniture	$74.22 to $81.65	Shipping not specified	https://i.ebayimg.com/thumbs/images/g/4iIAAOSwRJNjj18G/s-l225.jpg	Watcher's information not available	Brand New
New ListingZoopolyn Tv Tray Table Bamboo Tv Dinner Table C Shaped End Table for Sofa Couch	$100.00	Shipping not specified	https://i.ebayimg.com/thumbs/images/g/-dQAAOSwr1VkJxQc/s-l225.jpg	Watcher's information not available	Brand New
"48"" High Gloss White Modern Coffee Table Rectangle Black and white color"	$70.00	Shipping cost not available	https://i.ebayimg.com/thumbs/images/g/vbUAAOSw2QVjo3Xz/s-l225.jpg	Watcher's information not available	Brand New
Set of 2 Bedroom Bedside Table Nightstand End Side Organizer 2 Drawers Storage	$71.99	Shipping not specified	https://i.ebayimg.com/thumbs/images/g/bngAAOSwnDdjM~VN/s-l225.jpg	Watcher's information not available	Brand New
Sofa Side Table Black With Clear Glass Top Coffee End Table for Living Room	$34.65	Shipping not specified	https://i.ebayimg.com/thumbs/images/g/KjsAAOSwDo9jtZZX/s-l225.jpg	Watcher's information not available	Brand New
New ListingMainstays Lift Top Coffee Table Hidden Space Under The Coffee Table  Espresso	$65.99	Shipping not specified	https://i.ebayimg.com/thumbs/images/g/2kEAAOSwny9kJw5p/s-l225.jpg	Watcher's information not available	Brand New
New ListingKimonte Rectangular Dining Room Table, Black	$105.49	Shipping not specified	https://i.ebayimg.com/thumbs/images/g/JHcAAOSwgH5kJxpY/s-l225.jpg	Watcher's information not available	Brand New
High Gloss LED Coffee Table Modern Living Room Wood End Table w/ Storage Drawers	$149.99	Shipping not specified	https://i.ebayimg.com/thumbs/images/g/1r4AAOSwy0xi6709/s-l225.jpg	Watcher's information not available	Brand New
New ListingLloyd Flanders Loom Oval Glass Top Coffee Table	$200.00	Shipping cost not available	https://i.ebayimg.com/thumbs/images/g/ys8AAOSwMI5kJvQh/s-l225.jpg	Watcher's information not available	Pre-Owned
New Listingliving room table, (really good condition)	$50.00	Shipping not specified	https://i.ebayimg.com/thumbs/images/g/GtAAAOSwiFdkJva4/s-l225.jpg	Watcher's information not available	Pre-Owned
Adelpha End Table with Sliding Storage Natural - Opalhouse	$53.99	Shipping not specified	https://i.ebayimg.com/thumbs/images/g/DjIAAOSwhFdi8RSM/s-l225.jpg	Watcher's information not available	Open Box
New ListingAsh Black Rattan Console Table Vintage Retro Home Lounge Entryway Hallway Tables	$339.99	Shipping not specified	https://i.ebayimg.com/thumbs/images/g/92gAAOSwtilkJviG/s-l225.jpg	Watcher's information not available	Brand New
HXL Folding Utility Table 6ft Fold-in-Half Portable Plastic Picnic Party Dining	$49.98	Shipping not specified	https://i.ebayimg.com/thumbs/images/g/kN8AAOSwPqtkHT4e/s-l225.jpg	3 watchers	Brand New
Nautical round table rope designer natural wooden top coffee tea side table item	$269.99	Free shipping	https://i.ebayimg.com/thumbs/images/g/IHgAAOSwUEFeGxko/s-l225.jpg	Watcher's information not available	Brand New
